"","gene_name","logFC","logCPM","F","PValue","FDR","gene_id"
"1","Igf2bp3",5.79636855501783,-1.20486310159678,132.103711199391,5.62962863853635e-07,0.0163253600888916,"MSTRG.19818"
"2","Robo2",3.57658105789087,5.85280450950517,294.756973930235,1.86326105588291e-06,0.0270163536797743,"MSTRG.9545"
"3","Las1l",1.69814750398368,5.1249060140812,202.976970585486,5.76653334588076e-06,0.0427838714065473,"MSTRG.26359"
"4","Sppl2a",-1.76430102847958,5.61057018466076,201.426163975645,5.90142713976996e-06,0.0427838714065473,"MSTRG.13731"
